id,naam,last_name,email,age,tel,image
1,Evelyn,Mattedi,lmattedi0@gmail.com,27,31615718310,https://images.unsplash.com/photo-1490195117352-aa267f47f2d9
2,Aranka,Gowanlock,sgowanlock1@gmail.com,34,31671464478,https://images.unsplash.com/photo-1627379577402-9c3618a58ebf
3,Floris,Buss,mbuss2@gmail.com,38,31692211924,https://images.unsplash.com/photo-1507038732509-8b1a9623223a
4,Hector,Skala,jskala3@gmail.com,35,31611341327,https://images.unsplash.com/photo-1530268729831-4b0b9e170218
5,Martina,Passler,cpassler4@gmail.com,31,31677053393,https://images.unsplash.com/photo-1489980557514-251d61e3eeb6
6,Maurits,Cuningham,gcuningham5@pgmail.com,42,31626650050,https://images.unsplash.com/photo-1492462543947-040389c4a66c
7,Rahima,McKaile,amckaile6@gmail.com,25,31676450913,https://images.unsplash.com/photo-1480699867615-365b131372d5
8,Sandra,Rogez,grogez7@gmail.com,29,31606374575,https://images.unsplash.com/photo-1524504388940-b1c1722653e1
9,Wietske,Pitkethly,dpitkethly8@gmail.com,31,31601428987,https://images.unsplash.com/photo-1531482615713-2afd69097998
10,Storm,Bartrum,bbartrum9@gmail.com,26,31672160326,https://images.unsplash.com/photo-1529626455594-4ff0802cfb7e